,Mn,Co,Cu,Ga,Ge,Nb,Ni,Si,Sn,Zn,N,C,B,Fe,Ag,element_B,Sb,Cr,Re,alpha,t1,t2
0,3.1,0,0.0,0.0,0.0,0.0,0.0,0.0,0.5,0.4,1.0,0.0,0.0,0.0,0.0,2,0.0,0.0,0.0,-7.93,391.0,439.0
1,3.1,0,0.0,0.0,0.0,0.0,0.0,0.0,0.4,0.5,1.0,0.0,0.0,0.0,0.0,2,0.0,0.0,0.0,-25.3,313.0,371.0
2,3.1,0,0.0,0.0,0.0,0.0,0.0,0.0,0.3,0.6,1.0,0.0,0.0,0.0,0.0,2,0.0,0.0,0.0,-29.7,330.0,381.0
3,3.2,0,0.0,0.0,0.0,0.0,0.0,0.0,0.4,0.4,1.0,0.0,0.0,0.0,0.0,2,0.0,0.0,0.0,-9.91,357.0,413.0
49,3.0,0,0.35,0.0,0.4,0.0,0.25,0.0,0.0,0.0,1.0,0.0,0.0,0.0,0.0,3,0.0,0.0,0.0,-8.74,164.97,244.81
108,3.0,0,0.0,0.6,0.4,0.0,0.0,0.0,0.0,0.0,1.0,0.0,0.0,0.0,0.0,2,0.0,0.0,0.0,-12.6,421.0,473.0
112,3.0,0,0.0,0.7,0.0,0.0,0.0,0.0,0.3,0.0,1.0,0.0,0.0,0.0,0.0,2,0.0,0.0,0.0,-24.0,335.0,396.0
90,3.0,0,0.6,0.0,0.4,0.0,0.0,0.0,0.0,0.0,0.85,0.15,0.0,0.0,0.0,2,0.0,0.0,0.0,-22.34,85.0,137.0
80,3.5,0,0.0,0.0,0.0,0.0,0.0,0.0,0.0,0.0,1.0,0.0,0.0,0.0,0.5,2,0.0,0.0,0.0,-5.4,135.0,185.0
51,3.0,0,0.25,0.0,0.4,0.0,0.35,0.0,0.0,0.0,1.0,0.0,0.0,0.0,0.0,3,0.0,0.0,0.0,-7.69,145.4,210.37
107,3.0,0,0.0,0.7,0.3,0.0,0.0,0.0,0.0,0.0,1.0,0.0,0.0,0.0,0.0,2,0.0,0.0,0.0,-18.0,370.0,438.0
62,3.0,0,0.6,0.0,0.0,0.0,0.0,0.0,0.4,0.0,1.0,0.0,0.0,0.0,0.0,2,0.0,0.0,0.0,-18.67,238.23,274.18
77,3.0,0,0.0,0.0,0.0,0.0,0.0,0.0,0.0,0.0,1.0,0.0,0.0,0.0,1.0,1,0.0,0.0,0.0,-44.5,260.88,275.98
10,3.0,0,0.45,0.0,0.55,0.0,0.0,0.0,0.0,0.0,1.0,0.0,0.0,0.0,0.0,2,0.0,0.0,0.0,-5.13,315.65,379.55
36,3.0,0,0.6,0.0,0.28,0.0,0.0,0.12,0.0,0.0,1.0,0.0,0.0,0.0,0.0,3,0.0,0.0,0.0,-18.2,140.0,223.0
1,3.0,0,0.5,0.0,0.5,0.0,0.0,0.0,0.0,0.0,1.0,0.0,0.0,0.0,0.0,2,0.0,0.0,0.0,-12.0,280.0,365.0
105,3.0,0,0.0,0.9,0.1,0.0,0.0,0.0,0.0,0.0,1.0,0.0,0.0,0.0,0.0,2,0.0,0.0,0.0,-22.1,276.0,334.0
64,3.0,0,0.4,0.0,0.0,0.0,0.0,0.0,0.0,0.0,1.0,0.0,0.0,0.0,0.0,2,0.6,0.0,0.0,-34.78,86.99,102.14
63,3.0,0,0.7,0.0,0.0,0.0,0.0,0.0,0.3,0.0,1.0,0.0,0.0,0.0,0.0,2,0.0,0.0,0.0,-31.75,193.34,218.71
91,3.0,0,0.8,0.0,0.2,0.0,0.0,0.0,0.0,0.0,1.0,0.0,0.0,0.0,0.0,2,0.0,0.0,0.0,-60.27,119.68,164.68
57,3.0,0,0.0,0.0,0.0,0.0,0.0,0.0,0.65,0.35,0.85,0.15,0.0,0.0,0.0,2,0.0,0.0,0.0,-21.0,284.0,353.0
119,3.25,0,0.0,0.0,0.0,0.0,0.0,0.0,0.25,0.5,1.0,0.0,0.0,0.0,0.0,2,0.0,0.0,0.0,-31.13,299.02,344.12
47,3.0,0,0.45,0.0,0.4,0.0,0.15,0.0,0.0,0.0,1.0,0.0,0.0,0.0,0.0,3,0.0,0.0,0.0,-9.76,184.93,265.16
33,3.0,0,0.5,0.0,0.45,0.0,0.0,0.05,0.0,0.0,1.0,0.0,0.0,0.0,0.0,3,0.0,0.0,0.0,-6.57,260.0,340.0
88,3.0,0,0.6,0.0,0.4,0.0,0.0,0.0,0.0,0.0,0.95,0.05,0.0,0.0,0.0,2,0.0,0.0,0.0,-23.13,173.0,226.0
121,3.0,0,0.5,0.0,0.0,0.0,0.0,0.0,0.4,0.0,1.0,0.0,0.0,0.0,0.0,2,0.0,0.0,0.0,-18.4,298.04,337.25
97,3.0,0,0.6,0.0,0.25,0.0,0.0,0.15,0.0,0.0,1.0,0.0,0.0,0.0,0.0,3,0.0,0.0,0.0,-9.88,79.41,199.67
21,3.0,0,0.7,0.3,0.0,0.0,0.0,0.0,0.0,0.0,1.0,0.0,0.0,0.0,0.0,2,0.0,0.0,0.0,-66.46,34.0,73.37
59,3.0,0,0.0,0.0,0.0,0.0,0.0,0.0,0.45,0.55,0.85,0.1,0.05,0.0,0.0,2,0.0,0.0,0.0,-37.0,270.0,325.0
32,3.0,0,0.6,0.0,0.25,0.0,0.0,0.15,0.0,0.0,1.0,0.0,0.0,0.0,0.0,3,0.0,0.0,0.0,-11.55,90.0,190.0
95,3.0,0,0.6,0.0,0.35,0.0,0.0,0.05,0.0,0.0,1.0,0.0,0.0,0.0,0.0,3,0.0,0.0,0.0,-30.0,216.01,267.97
92,3.0,0,0.7,0.0,0.2,0.0,0.0,0.0,0.0,0.0,1.0,0.0,0.0,0.0,0.1,3,0.0,0.0,0.0,-66.5,159.5,189.5
46,3.0,0,0.5,0.0,0.4,0.0,0.1,0.0,0.0,0.0,1.0,0.0,0.0,0.0,0.0,3,0.0,0.0,0.0,-15.35,209.98,280.04
53,3.0,0,0.0,0.75,0.0,0.0,0.0,0.25,0.0,0.0,1.0,0.0,0.0,0.0,0.0,2,0.0,0.0,0.0,-14.0,272.0,420.0
103,3.0,0,0.0,0.0,0.0,0.1,0.0,0.0,0.0,0.0,1.0,0.0,0.0,0.0,0.9,2,0.0,0.0,0.0,-18.2,260.1,284.8
115,3.0,0,0.0,0.4,0.0,0.0,0.0,0.0,0.6,0.0,1.0,0.0,0.0,0.0,0.0,2,0.0,0.0,0.0,-6.5,451.0,489.0
70,3.0,0,0.5,0.0,0.0,0.0,0.0,0.0,0.2,0.0,1.0,0.0,0.0,0.0,0.0,3,0.3,0.0,0.0,-46.6,208.24,233.32
37,3.0,0,0.6,0.0,0.26,0.0,0.0,0.14,0.0,0.0,1.0,0.0,0.0,0.0,0.0,3,0.0,0.0,0.0,-12.4,115.0,206.0
82,2.85,0,0.6,0.0,0.4,0.0,0.0,0.0,0.0,0.0,1.0,0.0,0.0,0.0,0.0,2,0.0,0.15,0.0,-32.27,191.0,239.0
117,2.95,0,0.1,0.0,0.0,0.0,0.0,0.0,0.0,0.4,1.0,0.0,0.0,0.0,0.0,2,0.0,0.0,0.0,-34.0,330.0,365.0
96,3.0,0,0.6,0.0,0.3,0.0,0.0,0.1,0.0,0.0,1.0,0.0,0.0,0.0,0.0,3,0.0,0.0,0.0,-29.35,176.14,240.2
50,3.0,0,0.3,0.0,0.4,0.0,0.3,0.0,0.0,0.0,1.0,0.0,0.0,0.0,0.0,3,0.0,0.0,0.0,-10.02,155.18,224.85
83,2.7,0,0.6,0.0,0.4,0.0,0.0,0.0,0.0,0.0,1.0,0.0,0.0,0.0,0.0,2,0.0,0.3,0.0,-29.15,135.0,190.0
3,3.1,0,0.0,0.5,0.4,0.0,0.0,0.0,0.0,0.0,1.0,0.0,0.0,0.0,0.0,3,0.0,0.0,0.0,-3.0,327.9,392.65
18,3.0,0,0.6,0.0,0.0,0.0,0.0,0.0,0.4,0.0,1.0,0.0,0.0,0.0,0.0,2,0.0,0.0,0.0,-46.97,242.22,273.33
7,3.0,0,0.7,0.0,0.3,0.0,0.0,0.0,0.0,0.0,1.0,0.0,0.0,0.0,0.0,2,0.0,0.0,0.0,-42.79,152.07,209.58
